asteroid_id,name,diameter_norm,velocity_norm,miss_distance_norm,encounter_frequency_norm,rank_baseline,score_baseline,rank_size_dominant,score_size_dominant,rank_proximity_dominant,score_proximity_dominant,rank_velocity_dominant,score_velocity_dominant,rank_equal_weights,score_equal_weights
2000433,433 Eros (A898 PA),1.0,0.066833,0.205002,0.0,1,0.474867,1,0.651025,2279,0.315868,1478,0.274417,357,0.317959
2066008,66008 (1998 QH2),0.078305,0.657185,0.846269,0.0,2,0.41664,3,0.314814,17,0.570233,7,0.513507,28,0.39544
3843476,(2019 PJ),0.002067,0.549329,0.952005,0.142857,3,0.41058,10,0.281183,2,0.600567,23,0.479765,11,0.411564
3696402,(2014 WF6),0.001536,0.512777,0.965124,0.142857,4,0.406993,12,0.278006,4,0.59971,31,0.464006,14,0.405574
54554706,(2025 US6),3.4e-05,0.034719,1.0,1.0,5,0.406957,56,0.255228,1,0.606951,770,0.317366,1,0.508688
3830890,(2018 SP2),0.001277,0.414941,0.976017,0.285714,6,0.404875,18,0.272496,3,0.599823,69,0.4315,5,0.419487
2415029,415029 (2011 UL21),0.078305,0.497736,0.912871,0.0,7,0.40473,4,0.304217,14,0.571644,43,0.447103,71,0.372228
3617076,(2012 VC26),0.000177,0.396363,0.933394,0.428571,8,0.402219,22,0.267668,7,0.588862,77,0.427753,2,0.439626
2465402,465402 (2008 HW1),0.039954,0.748636,0.785972,0.0,9,0.4015,7,0.293462,48,0.550704,2,0.539503,31,0.393641
3906633,(2019 XF2),0.000415,0.382116,0.985892,0.285714,10,0.400928,21,0.269031,5,0.598023,108,0.416891,9,0.413534
3827174,(2018 RB1),0.000275,0.4217,0.959252,0.285714,11,0.400797,20,0.269556,6,0.592593,71,0.431327,6,0.416735
3731242,(2015 TD323),0.012375,0.780509,0.746872,0.142857,12,0.399399,11,0.281019,60,0.546299,1,0.55639,4,0.420653
3843136,(2019 NG2),0.001786,0.595133,0.882362,0.142857,13,0.398736,16,0.273957,13,0.574851,17,0.488682,15,0.405535
2276033,276033 (2002 AJ129),0.021241,0.727671,0.814802,0.0,14,0.398471,9,0.284855,35,0.557183,4,0.531044,35,0.390928
3370278,(2007 EK),0.000124,0.426177,0.945722,0.285714,15,0.397573,24,0.267431,8,0.586693,72,0.430829,7,0.414435
2439437,439437 (2013 NK4),0.019548,0.433196,0.958207,0.142857,16,0.396206,13,0.275492,10,0.583938,82,0.426435,40,0.388452
2504034,504034 (2005 UJ159),0.036943,0.613125,0.855358,0.0,17,0.39401,8,0.285206,33,0.557693,19,0.485023,58,0.376356
3781983,(2017 SA20),0.000214,0.326493,0.982217,0.285714,18,0.388621,32,0.259832,9,0.585021,209,0.388304,23,0.39866
3892775,(2019 VB5),1.3e-05,0.353973,0.961861,0.285714,19,0.38793,33,0.259762,11,0.580299,161,0.397933,21,0.40039
3703792,(2015 BF),0.000534,0.493724,0.912997,0.142857,20,0.387143,26,0.264121,19,0.569636,50,0.443854,42,0.387528
2488789,488789 (2004 XK50),0.01919,0.549457,0.895229,0.0,21,0.386136,17,0.272978,26,0.561344,36,0.457612,93,0.365969
3781451,(2017 RK15),0.000837,0.397011,0.920929,0.285714,22,0.384587,42,0.258526,20,0.568605,123,0.41143,20,0.401123
2144900,144900 (2004 VG64),0.026628,0.548186,0.830589,0.142857,23,0.383751,19,0.271465,67,0.544543,34,0.459822,44,0.387065
2363599,363599 (2004 FG11),0.007406,0.481962,0.897438,0.142857,24,0.382872,28,0.263368,28,0.560878,60,0.436236,48,0.382416
54427459,(2024 BY15),0.000488,0.285615,0.940018,0.428571,25,0.382181,62,0.252567,18,0.570087,292,0.373766,8,0.413673
3683472,(2014 QZ295),0.001277,0.472825,0.812987,0.428571,26,0.381829,52,0.255716,68,0.544171,52,0.442122,3,0.428915
3836314,(2018 WX1),0.001745,0.409169,0.898289,0.285714,27,0.38059,49,0.256366,30,0.559899,120,0.413163,22,0.398729
2523609,523609 (2005 PJ2),0.014887,0.440671,0.907029,0.142857,28,0.380484,27,0.263582,31,0.558912,103,0.419005,57,0.376361
3633188,(2013 FW13),0.00553,0.378584,0.958304,0.142857,29,0.379706,39,0.25891,15,0.570261,169,0.396345,73,0.371319
2837253,837253 (2013 FW13),0.00553,0.378584,0.958304,0.142857,30,0.379706,40,0.25891,16,0.570261,170,0.396345,74,0.371319
3762435,(2016 VA),0.000321,0.40602,0.994255,0.0,31,0.379609,30,0.259947,12,0.578396,150,0.401925,146,0.350149
3467394,(2009 SG18),0.035116,0.66212,0.773158,0.0,32,0.378418,14,0.275019,145,0.526026,13,0.492715,87,0.367598
2523664,523664 (2012 OD1),0.023728,0.455004,0.925247,0.0,33,0.378066,23,0.267537,32,0.55837,107,0.417297,140,0.350995
3893213,(2019 VS5),0.0027,0.509615,0.863581,0.142857,34,0.376363,45,0.257921,57,0.548539,51,0.442349,51,0.379688
2523808,523808 (2007 ML24),0.016177,0.342567,0.955257,0.142857,35,0.375847,35,0.259286,22,0.563663,260,0.379856,98,0.364215
3552654,(2010 WU8),0.001696,0.343215,0.876953,0.428571,36,0.375264,85,0.249319,52,0.550316,201,0.390194,10,0.412609
3587871,(2011 VG9),0.003976,0.456368,0.939415,0.0,37,0.374688,41,0.258724,25,0.561776,109,0.416862,148,0.34994
3989144,(2020 BC6),0.008087,0.425782,0.952491,0.0,38,0.374139,36,0.259218,24,0.563019,142,0.405007,163,0.34659
3781414,(2017 RX2),0.000547,0.475541,0.832229,0.285714,39,0.373567,63,0.252391,80,0.539904,66,0.432897,24,0.398508
3394071,(2007 VY137),0.001522,0.372987,0.898967,0.285714,40,0.373468,73,0.25094,44,0.552957,174,0.395163,37,0.389797
3799765,(2018 DC4),0.000375,0.365297,0.905481,0.285714,41,0.373425,78,0.250401,40,0.554446,188,0.392391,38,0.389217
3393818,(2007 VV83),0.001339,0.310775,0.890074,0.428571,42,0.37257,96,0.246863,51,0.550317,278,0.376527,13,0.40769
3114026,(2002 CC14),0.001277,0.349675,0.958678,0.142857,43,0.372335,66,0.252096,21,0.563815,248,0.381114,101,0.363122
3893225,(2019 VU5),0.001522,0.4478,0.940311,0.0,44,0.372262,50,0.256145,29,0.56002,121,0.412266,156,0.347408
2513529,513529 (2010 CR1),0.027124,0.515701,0.860317,0.0,45,0.372085,25,0.265693,84,0.538723,62,0.435338,143,0.350785
3182181,(2004 JP12),0.002249,0.51277,0.895426,0.0,46,0.372082,46,0.25735,47,0.550717,61,0.43592,132,0.352612
3607729,(2012 QD8),0.003006,0.409416,0.962029,0.0,47,0.371694,53,0.255622,23,0.563499,163,0.397715,174,0.343613
3371138,(2007 EJ88),0.002239,0.497133,0.904519,0.0,48,0.371678,47,0.256817,46,0.552134,75,0.429918,141,0.350973
3708359,(2015 BK509),0.004014,0.346344,0.953605,0.142857,49,0.371241,64,0.252224,27,0.56116,269,0.378981,104,0.361705
3893382,(2019 WW),0.001431,0.465438,0.828393,0.285714,50,0.370749,75,0.250638,91,0.536142,78,0.427255,29,0.395244
2066146,66146 (1998 TU3),0.161401,0.218566,0.823802,0.142857,51,0.3697,5,0.301529,324,0.50218,727,0.320609,208,0.336656
3838104,(2019 CH1),0.006813,0.734231,0.685533,0.142857,52,0.369517,43,0.258472,298,0.505261,5,0.51987,33,0.392359
3329371,(2006 GC1),0.009509,0.590693,0.823965,0.0,53,0.369131,37,0.259102,115,0.532023,33,0.462041,124,0.356042
3989350,(2020 BE15),0.011762,0.693023,0.704705,0.142857,54,0.369007,38,0.259095,273,0.507595,11,0.504091,41,0.388087
3427460,(2008 ST),0.000415,0.230527,0.932379,0.428571,55,0.368842,123,0.242733,37,0.555235,495,0.344679,25,0.397973
3447916,(2009 DB1),0.00291,0.510751,0.833299,0.142857,56,0.367589,65,0.252161,106,0.533667,59,0.436903,70,0.372454
3841762,(2019 JZ2),0.000471,0.540652,0.815524,0.142857,57,0.367262,71,0.251628,119,0.530272,40,0.447811,62,0.374876
3830873,(2018 SB2),0.001737,0.45433,0.918686,0.0,58,0.367166,61,0.252929,49,0.550556,125,0.41125,173,0.343688
3767248,(2017 BP31),0.012901,0.392081,0.944513,0.0,59,0.36693,54,0.255455,43,0.553253,218,0.387523,203,0.337374
3719475,(2015 KJ19),0.003743,0.4437,0.920889,0.0,60,0.366504,60,0.252979,53,0.549933,137,0.406776,183,0.342083
3842680,(2019 KK5),0.003285,0.399526,0.949535,0.0,61,0.36608,69,0.251807,36,0.55533,200,0.390327,200,0.338087
3525129,(2010 KV39),0.000483,0.340973,0.8494,0.428571,62,0.366065,121,0.242744,92,0.535848,242,0.38332,17,0.404857
3892309,(2019 VF1),0.002978,0.429891,0.881519,0.142857,63,0.365911,82,0.249717,78,0.541619,139,0.406131,97,0.364311
3467709,(2009 SW19),0.014347,0.663755,0.757009,0.0,64,0.365592,34,0.259573,220,0.514125,18,0.486149,113,0.358778
2221455,221455 (2006 BC10),0.014956,0.363933,0.953811,0.0,65,0.364912,58,0.254326,45,0.552683,280,0.37572,230,0.333175
2000887,887 Alinda (A918 AA),0.206981,0.154748,0.837118,0.0,66,0.364877,2,0.314824,423,0.490905,1236,0.286194,535,0.299712
3692751,(2014 TN17),0.005984,0.411859,0.933619,0.0,67,0.364851,67,0.252093,50,0.550378,180,0.39385,201,0.337865
3840800,(2019 GS1),0.0015,0.413651,0.889205,0.142857,68,0.364377,91,0.247932,77,0.541918,154,0.399252,103,0.361803
3378801,(2007 MK6),0.011025,0.556454,0.826708,0.0,69,0.363713,55,0.255425,140,0.52685,44,0.445774,153,0.348547
3662200,(2014 DH),0.000534,0.29999,0.913996,0.285714,70,0.362982,126,0.242404,63,0.545674,372,0.361473,61,0.375059
3422140,(2008 OS7),0.010098,0.347665,0.963599,0.0,71,0.362652,74,0.250928,42,0.553352,320,0.368572,252,0.33034
3774011,(2017 HC1),0.00805,0.612421,0.787898,0.0,72,0.362073,59,0.254272,192,0.518043,29,0.4654,136,0.352092
2152664,152664 (1998 FW4),0.013763,0.356215,0.950223,0.0,73,0.361815,70,0.251735,56,0.549107,302,0.370905,255,0.33005
3748562,(2016 GB1),0.00582,0.486539,0.873365,0.0,74,0.361645,72,0.251146,96,0.535155,102,0.419107,186,0.341431
2248590,248590 (2006 CS),0.06695,0.644853,0.685818,0.0,75,0.361496,15,0.274061,483,0.485269,26,0.47298,149,0.349405
3618405,(2012 WS3),0.000717,0.369126,0.861857,0.285714,76,0.36124,125,0.242456,109,0.533468,226,0.385649,52,0.379353
3447919,(2009 DE1),0.001437,0.350153,0.968232,0.0,77,0.361075,94,0.247032,41,0.554434,319,0.36901,257,0.329956
3805271,(2018 HA1),0.004529,0.464583,0.886891,0.0,78,0.360796,81,0.249783,90,0.537268,130,0.410575,196,0.339001
2154276,154276 (2002 SY50),0.036101,0.440495,0.860634,0.0,79,0.36073,31,0.259862,147,0.525636,152,0.399595,224,0.334308
3719730,(2015 KB57),0.004127,0.645697,0.717606,0.142857,80,0.360358,80,0.249995,314,0.503054,22,0.481481,55,0.377572
3599405,(2012 DZ),0.000628,0.318592,0.987551,0.0,81,0.360235,107,0.245676,34,0.55762,407,0.356932,283,0.326693
3838859,(2019 DJ1),0.000483,0.234839,0.948314,0.285714,82,0.360227,159,0.239464,54,0.549793,565,0.33575,90,0.367338
3394543,(2007 VM184),0.007544,0.383669,0.934883,0.0,83,0.360216,87,0.249054,62,0.545684,256,0.38032,243,0.331524
2375103,375103 (2007 TD71),0.023948,0.513343,0.826559,0.0,84,0.360215,48,0.256682,179,0.520737,81,0.426773,190,0.340962
3546743,(2010 SP3),0.0012,0.335392,0.974882,0.0,85,0.360023,104,0.246005,38,0.55476,352,0.362913,272,0.327869
54480959,(2024 SU),0.001173,0.334629,0.974943,0.0,86,0.359878,105,0.245887,39,0.554632,358,0.362538,274,0.327686
3837511,(2018 YC2),0.003426,0.801719,0.660442,0.0,87,0.359847,57,0.254402,422,0.49125,3,0.533633,92,0.366397
3837605,(2019 AE3),0.000356,0.170921,0.894469,0.571429,88,0.35981,229,0.233317,85,0.538633,717,0.321568,12,0.409294
2458122,458122 (2010 EW45),0.037113,0.382229,0.892212,0.0,89,0.358955,44,0.258045,121,0.529975,276,0.37698,271,0.327889
3713935,(2015 FS33),0.003657,0.396929,0.926683,0.0,90,0.358853,93,0.24707,71,0.543458,233,0.384532,241,0.331817
3759293,(2016 RJ20),0.002197,0.281873,0.908203,0.285714,91,0.358286,156,0.239526,82,0.539487,443,0.351588,78,0.369497
3626611,(2013 CS83),0.004205,0.426487,0.855675,0.142857,92,0.357967,114,0.244774,133,0.528261,153,0.399505,117,0.357306
2875163,875163 (1998 SH2),0.007975,0.330808,0.960192,0.0,93,0.357409,100,0.246445,58,0.547853,392,0.359037,307,0.324744
3014109,(1998 SH2),0.007975,0.330808,0.960192,0.0,94,0.357409,101,0.246445,59,0.547853,393,0.359037,308,0.324744
3798998,(2018 CH),0.000589,0.372101,0.893678,0.142857,95,0.357045,129,0.242047,93,0.535663,267,0.37919,134,0.352306
3392369,(2007 VX6),0.009163,0.51182,0.836307,0.0,96,0.356921,83,0.249532,167,0.52235,83,0.425004,193,0.339323
3753797,(2016 LC9),0.000437,0.326196,0.875277,0.285714,97,0.356568,169,0.238533,116,0.531536,328,0.366812,72,0.371906
3441846,(2008 YN2),0.000619,0.143995,0.948009,0.428571,98,0.356306,239,0.233001,61,0.545784,944,0.30458,50,0.380299
2162882,162882 (2001 FD58),0.020949,0.36702,0.914787,0.0,99,0.356219,77,0.25058,98,0.534987,304,0.370657,298,0.325689
3802577,(2018 GY3),0.000321,0.244972,0.880587,0.428571,100,0.356156,213,0.234485,114,0.532209,523,0.341525,39,0.388613
